CREATE TABLE IF NOT EXISTS pays (
    code_pays VARCHAR(10) PRIMARY KEY,
    libelle VARCHAR(200) NOT NULL
);

CREATE TABLE IF NOT EXISTS ville (
    id_ville SERIAL PRIMARY KEY,
    libelle VARCHAR(500) NOT NULL,
    code_postal VARCHAR(10) NOT NULL,
	pays VARCHAR(10) REFERENCES pays NOT NULL
);

CREATE TABLE IF NOT EXISTS adresse(
    id_adresse SERIAL PRIMARY KEY,
	numero INTEGER NOT NULL,
    voie VARCHAR(100) NOT NULL,
    ville INTEGER REFERENCES ville NOT NULL
);

CREATE TYPE sexe AS ENUM('Homme','Femme');

CREATE TABLE IF NOT EXISTS client (
    id_client VARCHAR(50) PRIMARY KEY,
    nom VARCHAR(100) NOT NULL,
    prenom VARCHAR(100) NOT NULL,
    sexe_client sexe NOT NULL,
    date_naissance DATE NOT NULL,
    date_inscription TIMESTAMP NOT NULL,
    num_tel VARCHAR(10),
    email VARCHAR(50),
	ville_naissance INTEGER REFERENCES ville NOT NULL,
	domicile INTEGER REFERENCES adresse NOT NULL
);

CREATE TABLE IF NOT EXISTS agence (
    code_agence VARCHAR(20) PRIMARY KEY,
	adresse INTEGER REFERENCES adresse NOT NULL
);

CREATE TABLE IF NOT EXISTS type_compte (
    nom_type VARCHAR(50) PRIMARY KEY
);

CREATE TABLE IF NOT EXISTS compte (
    id_compte VARCHAR(20) PRIMARY KEY,
    solde NUMERIC,
    IBAN VARCHAR(27) NOT NULL,
	type_compte VARCHAR(50) REFERENCES type_compte NOT NULL,
    agence VARCHAR(50) REFERENCES agence NOT NULL
);

CREATE TABLE IF NOT EXISTS titulaire (
    compte VARCHAR(20) REFERENCES compte NOT NULL,
    client VARCHAR(50) REFERENCES client NOT NULL,
    UNIQUE (compte, client)
);

CREATE TABLE IF NOT EXISTS carte_bancaire (
    num_carte VARCHAR(16) PRIMARY KEY,
    date_expiration DATE NOT NULL,
	compte VARCHAR(20) REFERENCES compte NOT NULL
);

CREATE TABLE IF NOT EXISTS operation (
    id_operation VARCHAR(50) PRIMARY KEY,
    montant NUMERIC NOT NULL,
    date_heure DATE NOT NULL,
	compte VARCHAR(20) REFERENCES compte NOT NULL,
    carte_bancaire VARCHAR(16) REFERENCES carte_bancaire NOT NULL
);

CREATE TABLE IF NOT EXISTS distributeur (
    id_distributeur VARCHAR(50) PRIMARY KEY,
    adresse INTEGER REFERENCES adresse NOT NULL
);

CREATE TABLE IF NOT EXISTS retrait_depot (
    distributeur VARCHAR(50) REFERENCES distributeur NOT NULL
) INHERITS (operation);

CREATE TABLE IF NOT EXISTS type_operation (
    nom_type_operation VARCHAR(100) PRIMARY KEY
);

CREATE TABLE IF NOT EXISTS operation_tiers (
    IBAN_tiers VARCHAR(27) NOT NULL,
    BIC_tiers VARCHAR(11) NOT NULL,
	type_operation VARCHAR(100) REFERENCES type_operation NOT NULL
) INHERITS (operation);

INSERT INTO pays VALUES (1,'France');
INSERT INTO pays VALUES (2,'Espagne');
INSERT INTO pays VALUES (3,'Suisse');
INSERT INTO pays VALUES (4,'Allemagne');
INSERT INTO pays VALUES (5,'Italie');
INSERT INTO pays VALUES (6,'Angleterre');
INSERT INTO pays VALUES (7,'Irlande');
INSERT INTO pays VALUES (8,'Ecosse');
INSERT INTO pays VALUES (9,'Portugal');
INSERT INTO pays VALUES (10,'Belgique');
INSERT INTO pays VALUES (11,'Pays-bas');
INSERT INTO pays VALUES (12,'Autriche');
INSERT INTO pays VALUES (13,'Danemark');
INSERT INTO pays VALUES (14,'Turquie');
INSERT INTO pays VALUES (15,'Luxembourg');
INSERT INTO pays VALUES (16,'Suede');
INSERT INTO pays VALUES (17,'Norvege');
INSERT INTO pays VALUES (18,'Finlande');
INSERT INTO pays VALUES (19,'Pologne');
INSERT INTO pays VALUES (20,'Grece');
INSERT INTO pays VALUES (21,'Pays de Galle');
INSERT INTO pays VALUES (22,'Russie');
INSERT INTO pays VALUES (23,'Algerie');
INSERT INTO pays VALUES (24,'Maroc');
INSERT INTO pays VALUES (25,'Tunisie');
INSERT INTO pays VALUES (26,'Egypte');
INSERT INTO pays VALUES (27,'Monaco');
INSERT INTO pays VALUES (28,'Islande');
INSERT INTO pays VALUES (29,'Slovenie');
INSERT INTO pays VALUES (30,'Hongrie');
INSERT INTO pays VALUES (31,'Croatie');
INSERT INTO pays VALUES (32,'Roumanie');
INSERT INTO pays VALUES (33,'Bulgarie');
INSERT INTO pays VALUES (34,'Malte');
INSERT INTO pays VALUES (35,'Serbie');
INSERT INTO pays VALUES (36,'Albanie');
INSERT INTO pays VALUES (37,'Mexique');
INSERT INTO pays VALUES (38,'Perou');
INSERT INTO pays VALUES (39,'Bresil');
INSERT INTO pays VALUES (40,'Colombie');
INSERT INTO pays VALUES (41,'Argentine');
INSERT INTO pays VALUES (42,'Paraguay');
INSERT INTO pays VALUES (43,'Uruguay');
INSERT INTO pays VALUES (44,'Australie');

INSERT INTO ville VALUES (1,'Montpellier',34000,1);
INSERT INTO ville VALUES (2,'Paris',75000,1);
INSERT INTO ville VALUES (3,'Nimes',30000,1);
INSERT INTO ville VALUES (4,'Marseille',13000,1);
INSERT INTO ville VALUES (5,'Lyon',69000,1);
INSERT INTO ville VALUES (6,'Madrid',28000,2);
INSERT INTO ville VALUES (7,'Geneve',1200,3);
INSERT INTO ville VALUES (8,'Carcassonne',11000,1);
INSERT INTO ville VALUES (9,'Berlin',10115,4);
INSERT INTO ville VALUES (10,'Bruxelles',10115,10);
INSERT INTO ville VALUES (11,'Lausanne',10115,3);
INSERT INTO ville VALUES (12,'Geneve',10115,3);
INSERT INTO ville VALUES (13,'Londres',10115,6);
INSERT INTO ville VALUES (14,'Zurich',10115,3);
INSERT INTO ville VALUES (15,'Bordeaux',10115,1);
INSERT INTO ville VALUES (16,'Lisbonne',10115,9);
INSERT INTO ville VALUES (17,'Porto',10115,9);
INSERT INTO ville VALUES (18,'Copenhague',10115,13);
INSERT INTO ville VALUES (19,'Toulouse',10115,1);
INSERT INTO ville VALUES (20,'Nantes',10115,1);
INSERT INTO ville VALUES (21,'Lille',10115,1);
INSERT INTO ville VALUES (22,'Brest',10115,1);
INSERT INTO ville VALUES (23,'Biarritz',10115,1);
INSERT INTO ville VALUES (24,'Sydney',10115,44);
INSERT INTO ville VALUES (25,'Dublin',10115,7);
INSERT INTO ville VALUES (26,'Belfast',10115,7);
INSERT INTO ville VALUES (27,'Oslo',10115,17);
INSERT INTO ville VALUES (28,'Stockholm',10115,16);
INSERT INTO ville VALUES (29,'Malmo',10115,16);
INSERT INTO ville VALUES (30,'Liege',10115,10);
INSERT INTO ville VALUES (31,'Frankfort',10115,4);
INSERT INTO ville VALUES (32,'Strasbourg',10115,1);
INSERT INTO ville VALUES (33,'Seville',10115,2);
INSERT INTO ville VALUES (34,'Valencia',10115,2);
INSERT INTO ville VALUES (35,'Valence',10115,1);
INSERT INTO ville VALUES (36,'Athenes',10115,20);
INSERT INTO ville VALUES (37,'Mykonos',10115,20);
INSERT INTO ville VALUES (38,'Moscou',10115,22);
INSERT INTO ville VALUES (39,'Rome',10115,5);
INSERT INTO ville VALUES (40,'Milan',10115,5);
INSERT INTO ville VALUES (41,'Naples',10115,5);
INSERT INTO ville VALUES (42,'Istanbul',10115,14);
INSERT INTO ville VALUES (43,'Nice',10115,1);
INSERT INTO ville VALUES (44,'Grenoble',10115,1);
INSERT INTO ville VALUES (45,'Rio de Janeiro',10115,39);
INSERT INTO ville VALUES (46,'Mexico',10115,37);
INSERT INTO ville VALUES (47,'Casablanca',10115,24);
INSERT INTO ville VALUES (48,'Barcelone',10115,2);
INSERT INTO ville VALUES (49,'Rennes',10115,1);
INSERT INTO ville VALUES (50,'Vienne',10115,12);
INSERT INTO ville VALUES (51,'Rotterdam',10115,11);
INSERT INTO ville VALUES (52,'Amsterdam',10115,11);
INSERT INTO ville VALUES (53,'Varsovie',10115,19);
INSERT INTO ville VALUES (54,'Venise',10115,5);


INSERT INTO adresse VALUES (1, 15,'Moulares',1);
INSERT INTO adresse VALUES (2, 8,'Victor Hugo',1);
INSERT INTO adresse VALUES (3, 2,'Marais',2);
INSERT INTO adresse VALUES (4, 71,'Franklin Roosevelt',5);
INSERT INTO adresse VALUES (5, 1,'Justice',1);
INSERT INTO adresse VALUES (6, 36,'Gambetta',4);
INSERT INTO adresse VALUES (7, 21,'St Pierre',4);
INSERT INTO adresse VALUES (8, 17,'Raspail',8);
INSERT INTO adresse VALUES (9, 21,'Karl Marx',9);
INSERT INTO adresse VALUES (55, 7,'Jean Thuile',1);
INSERT INTO adresse VALUES (11, 6,'Cours Gambetta',1);
INSERT INTO adresse VALUES (60, 35, 'Via Domitia', 1);
INSERT INTO adresse VALUES (61, 62,'Castelnau', 1);
INSERT INTO adresse VALUES (62,48, 'Chateau', 1);
INSERT INTO adresse VALUES (63,1, 'Albert 1er', 1);
INSERT INTO adresse VALUES (64,4, 'Via Domitia', 1);
INSERT INTO adresse VALUES (65,63, 'Comte', 1);
INSERT INTO adresse VALUES (66,48, 'Charles Beaudelaire', 1);
INSERT INTO adresse VALUES (67, 12,'Germaine Tillion',1);
INSERT INTO adresse VALUES (68, 25,'Michel Trocme', 1);
INSERT INTO adresse VALUES (69, 74,'Albert Dubout', 1);
INSERT INTO adresse VALUES (70,12,'Pont-Trinquat', 1);
INSERT INTO adresse VALUES (71, 31,'Mathieur Laurens', 1);
INSERT INTO adresse VALUES (72, 2,'Font de Lattes', 1);
INSERT INTO adresse VALUES (73, 7,'Chemin des Barques', 1);
INSERT INTO adresse VALUES (74, 8,'Jacques Cartier', 1);
INSERT INTO adresse VALUES (75, 17,'Avenue des droits de lhomme', 1);
INSERT INTO adresse VALUES (76, 18,'Allée du Tiers Etat', 1);
INSERT INTO adresse VALUES (77, 52,'Floreal', 1);
INSERT INTO adresse VALUES (78, 41,'Rue de la Rauze', 1);
INSERT INTO adresse VALUES (79, 12,'Georges Freche', 1);
INSERT INTO adresse VALUES (80, 14,'Font de la Banquiere', 1);
INSERT INTO adresse VALUES (81, 25,'Av de l Agau', 1);
INSERT INTO adresse VALUES (82, 28,'Platanes', 1);
INSERT INTO adresse VALUES (83, 61,'Mer-Raymond Dugrand', 1);
INSERT INTO adresse VALUES (84, 12,'Claude Levi-Strauss', 1);
INSERT INTO adresse VALUES (85, 8,'Jay Dee', 1);
INSERT INTO adresse VALUES (86,64, 'Ray Charles', 1);
INSERT INTO adresse VALUES (87, 89'Nina Simone', 1);
INSERT INTO adresse VALUES (88 17,'Etang de l or', 1);
INSERT INTO adresse VALUES (89, 21,'Etang de Vic', 1);
INSERT INTO adresse VALUES (90, 33,'Centrayrargues', 1);
INSERT INTO adresse VALUES (91, 51,'Acolytes', 1);
INSERT INTO adresse VALUES (92, 21,'Aconiers', 1);
INSERT INTO adresse VALUES (93, 37,'Origan', 1);
INSERT INTO adresse VALUES (94, 25,'Muscaris', 1);
INSERT INTO adresse VALUES (95, 14,'Tourmalines', 1);
INSERT INTO adresse VALUES (96, 9,'Geode', 1);
INSERT INTO adresse VALUES (97,3, 'Emeraudes', 1);
INSERT INTO adresse VALUES (98,1, 'Gabares', 1);
INSERT INTO adresse VALUES (99,5, 'Pensées', 1);
INSERT INTO adresse VALUES (100,7, 'Don Bosco', 1);
INSERT INTO adresse VALUES (101,6,'Pont Juvenal', 1);
INSERT INTO adresse VALUES (102,2,'Laffite', 1);
INSERT INTO adresse VALUES (103,36, 'Oran', 1);
INSERT INTO adresse VALUES (105, 47,'Suez', 1);
INSERT INTO adresse VALUES (106, 28,'Charles Perrault', 1);
INSERT INTO adresse VALUES (107,7, 'Moulin des 7 Cans', 1);
INSERT INTO adresse VALUES (108,18, 'Pastels', 1);
INSERT INTO adresse VALUES (109,41, 'Galata', 1);
INSERT INTO adresse VALUES (110,25, 'Rue de Chio', 1);
INSERT INTO adresse VALUES (111,10, 'Frimaire', 1);
INSERT INTO adresse VALUES (112,14, 'Nivose', 1);
INSERT INTO adresse VALUES (113, 25,'Brumaire', 1);
INSERT INTO adresse VALUES (114, 23,'Messidor', 1);
INSERT INTO adresse VALUES (115, 24,'Jean Zuccarelli', 1);
INSERT INTO adresse VALUES (116, 37,'Saint-Pierre', 1);
INSERT INTO adresse VALUES (117, 41,'Palavas', 1);
INSERT INTO adresse VALUES (118, 29,'Michelet', 1);
INSERT INTO adresse VALUES (119, 23,'De la mer', 1);
INSERT INTO adresse VALUES (120, 15,'Eiffel', 1);
INSERT INTO adresse VALUES (121, 1,'Jacques Prevert', 1);
INSERT INTO adresse VALUES (122,2, 'Saint Michel', 1);
INSERT INTO adresse VALUES (123,8, 'Combes', 1);
INSERT INTO adresse VALUES (124,9, 'Lilas', 1);
INSERT INTO adresse VALUES (125,10, 'De Carnon', 1);
INSERT INTO adresse VALUES (126, 7,'Etoile', 1);
INSERT INTO adresse VALUES (127, 8,'Albert Dubout', 1);
INSERT INTO adresse VALUES (128, 12,'Albert Dubout', 1);
INSERT INTO adresse VALUES (129, 8,'Cronstdadt', 1);
INSERT INTO adresse VALUES (130, 8,'Abbe Breuil', 1);
INSERT INTO adresse VALUES (131, 8,'Achille', 1);
INSERT INTO adresse VALUES (132, 8,'Aristide Maillol', 1);
INSERT INTO adresse VALUES (133, 8,'Cherchell', 1);
INSERT INTO adresse VALUES (134, 8,'Coimbre', 1);
INSERT INTO adresse VALUES (135, 8,'Doscare', 1);
INSERT INTO adresse VALUES (136, 8,'Famagouste', 1);
INSERT INTO adresse VALUES (137, 8,'Ferran', 1);
INSERT INTO adresse VALUES (138, 8,'Galata', 1);
INSERT INTO adresse VALUES (139, 8,'Gascogne', 1);
INSERT INTO adresse VALUES (140, 8,'Genes', 1);
INSERT INTO adresse VALUES (141, 8,'Gignac', 1);
INSERT INTO adresse VALUES (142, 8,'Fabre', 1);
INSERT INTO adresse VALUES (143, 8,'Fargues', 1);
INSERT INTO adresse VALUES (144, 8,'Finel', 1);
INSERT INTO adresse VALUES (145, 8,'Foch', 1);
INSERT INTO adresse VALUES (146, 8,'Fontaine de la Banquiere', 1);
INSERT INTO adresse VALUES (147, 8,'Fournarie', 1);
INSERT INTO adresse VALUES (148, 8,'Frimaire', 1);
INSERT INTO adresse VALUES (149, 8,'Gay Lussac', 1);
INSERT INTO adresse VALUES (150, 8,'Gariel', 1);
INSERT INTO adresse VALUES (151, 8,'Germain', 1);
INSERT INTO adresse VALUES (152, 8,'Granier', 1);
INSERT INTO adresse VALUES (153, 8,'Hebert', 1);
INSERT INTO adresse VALUES (154, 8,'Jacquard', 1);
INSERT INTO adresse VALUES (155, 8,'Cavailles', 1);
INSERT INTO adresse VALUES (156, 8,'Montlaur', 1);
INSERT INTO adresse VALUES (157, 8,'Lacombe', 1);
INSERT INTO adresse VALUES (158, 8,'Lazare', 1);
INSERT INTO adresse VALUES (159, 8,'Lapeyronie', 1);
INSERT INTO adresse VALUES (160, 8,'Marceau', 1);
INSERT INTO adresse VALUES (161, 8,'Marat', 1);
INSERT INTO adresse VALUES (162, 8,'Michelet', 1);
INSERT INTO adresse VALUES (163, 8,'Montesquieu', 1);
INSERT INTO adresse VALUES (164, 8,'Ney', 1);
INSERT INTO adresse VALUES (165, 8,'Nelson Mandela', 1);
INSERT INTO adresse VALUES (166, 8,'Nissole', 1);
INSERT INTO adresse VALUES (167, 8,'Nouvelle', 1);
INSERT INTO adresse VALUES (168, 8,'Odin', 1);
INSERT INTO adresse VALUES (169, 8,'Nozeran', 1);
INSERT INTO adresse VALUES (170, 8,'Pasteur', 1);
INSERT INTO adresse VALUES (171, 8,'Philipy', 1);
INSERT INTO adresse VALUES (172, 8,'Plagne', 1);
INSERT INTO adresse VALUES (173, 8,'Pralon', 1);
INSERT INTO adresse VALUES (174, 8,'Proudhon', 1);
INSERT INTO adresse VALUES (175, 8,'Racine', 1);
INSERT INTO adresse VALUES (176, 8,'Raoul', 1);
INSERT INTO adresse VALUES (177, 8,'Ranc', 1);
INSERT INTO adresse VALUES (178, 8,'Rigaud', 1);
INSERT INTO adresse VALUES (179, 8,'Ronsard', 1);

INSERT INTO client VALUES (852741963, 'Mercier', 'Marc', 'Homme', '1995-03-16', '2010-03-16' , 0652418973, 'marc.mercier@gmail.com', 1, 1);
INSERT INTO client VALUES (100589675, 'Jones', 'Chloe', 'Femme', '1985-03-16', '2014-08-31' , 0745862359, 'joness.mrs@yahoo.co.uk', 7, 7);
INSERT INTO client VALUES (100589569, 'Siemens', 'Charlotte', 'Femme', '1992-02-17', '2009-11-29' , 0652314879, 'charlotte.siemens@gmail.com', 6, 8);
INSERT INTO client VALUES (958741236, 'Panaite', 'Baptiste', 'Homme', '1990-11-05', '2016-01-13' , 0686442699, 'bapt.pan@gmail.com', 7, 9);
INSERT INTO client VALUES (145545455466, 'Sop', 'Alain','Homme','1969-03-16', '2007-08-13' , 0645236585, 'alsop@gmail.com', 7, 9);
INSERT INTO client VALUES (965894420252, 'Honnete', 'Camille','Femme','1988-03-16', '2009-01-13' , 0652448565, 'cam682@gmal.com', 7, 9);
INSERT INTO client VALUES (58994556677, 'Silencieux', 'Jean','Homme','1995-02-13', '2010-05-15' , 0653214785, 'jean.silencieux@outlook.com', 7, 9);
INSERT INTO client VALUES (55698455236, 'Oussama', 'Mohamed','Homme','1987-08-28', '2010-11-20' , 0741415689, 'oussam@gmail.com', 7, 9);
INSERT INTO client VALUES (14588796613, 'Martel', 'Elise','Femme','2001-05-01', '2013-10-09' , 0788841458, 'elise.martel@gmail.com', 7, 9);
INSERT INTO client VALUES (445789123664, 'Chateau', 'Pierre','Homme','1990-12-13', '2020-08-10' , 0762418963, 'chateau.pierre@gmail.com', 7, 9);
INSERT INTO client VALUES (145789651230, 'France', 'Lisa','Femme','1978-10-13', '2001-12-26' , 0666854172, 'france.lisa@outlook.com', 7, 9);
INSERT INTO client VALUES (458755695213, 'Sylvestre', 'Alexandre','Homme','1996-01-20', '2006-05-18' , 0695953204, 'alex.sylvestre@gmail.com', 7, 9);
INSERT INTO client VALUES (11478956963, 'Rubio', 'Marjorie','Femme','1982-08-01', '2012-06-23' , 0584129654, 'rubio.marjorie@gmail.com', 7, 9);
INSERT INTO client VALUES (98715454488, 'Roussel', 'Caroline','Femme','1998-08-13', '2005-07-08' , 0778985226, 'caroline.602@gmail.com', 7, 9);
INSERT INTO client VALUES (124785000236, 'Coupable', 'Marise','Femme','1986-06-06', '2002-11-24' , 0109095841, 'coupable.marise@outlook.com', 7, 9);
INSERT INTO client VALUES (145893201278, 'Garcia', 'Sylvia','Femme','2000-11-17', '2012-10-03' , 0168681414, 'garcia.syl@gmail.com', 7, 9);
INSERT INTO client VALUES (154785210369, 'Lopez', 'Bernard','Homme','1955-06-13', '2011-08-25' , 0788787896, 'bernard602@gmail.com', 7, 9);
INSERT INTO client VALUES (452563557, 'Falcone', 'Giovanni','Homme','1975-05-18', '2002-09-16' , 0777777777, 'giovanni003@gmail.com', 7, 9);
INSERT INTO client VALUES (458788963447, 'Nguyen', 'Quentin','Homme','1993-08-29', '2003-12-30' , 0655898974, 'nguyen_quentin@gmail.com', 7, 9);
INSERT INTO client VALUES (778964122336, 'Diaye', 'Mamadou','Homme','1994-05-22', '2009-05-24' , 0641741478, 'mamadiaye@gmail.com', 7, 9);
INSERT INTO client VALUES (689120000014, 'Finale', 'Noemie','Femme','1998-10-14', '2008-04-01' , 0774747474, 'noemie0023@gmail.com', 7, 9);
INSERT INTO client VALUES (600004875964, 'Carpentier', 'Elisa','Femme','2002-07-01', '2004-11-15' , 0666202140, 'elisa802@gmail.com', 7, 9);
INSERT INTO client VALUES (445879652136, 'Jacques', 'Pierre','Homme','1984-01-26', '2001-02-20' , 0612454563, 'pierre.jacques@gmail.com', 7, 9);
INSERT INTO client VALUES (1125487996412, 'Elevage', 'Sabine','Femme','1987-02-04', '2002-08-24' , 0658412578, 'sab223@gmail.com', 7, 9);
INSERT INTO client VALUES (111258740369, 'Suspecte', 'Justine','Femme','1995-01-31', '2003-12-25' , 0752630101, 'jusine.susp@gmail.com', 7, 9);
INSERT INTO client VALUES (112547896521, 'Marchand', 'Vivienne','Femme','1975-05-05', '2004-11-14' , 0789415623, 'marchand.vivienne@gmail.com', 7, 9);
INSERT INTO client VALUES (555879412563, 'Jones', 'Alice','Femme','1971-09-08', '2006-01-20' , 0707995284, 'jones.alice@gmail.com', 7, 9);
INSERT INTO client VALUES (125487589652, 'Stanford', 'Kevin','Homme','1989-02-02', '2008-03-17' , 0714201456, 'kevin.stanford@gmail.com', 7, 9);
INSERT INTO client VALUES (999955556663, 'Mechant', 'Sandra','Femme','1989-01-17', '2001-08-28' , 0785232323, 'mechant.sandra@gmail.com', 7, 9);
INSERT INTO client VALUES (416148336405, 'Lerbizard', 'Richard','Homme','1995-10-13', '2004-09-09' , 0660989852, 'richard.lerb@gmail.com', 7, 9);
INSERT INTO client VALUES (555558887778, 'Perret', 'William','Homme','1990-07-07', '2002-01-15' , 0725251478, 'perret_william@gmail.com', 7, 9);
INSERT INTO client VALUES (555100000236, 'Martin', 'Divine','Femme','2011-10-31', '2000-09-20' , 0682145296, 'divine.martin@gmail.com', 7, 9);
INSERT INTO client VALUES (000145789663, 'Grand', 'Appoline','Femme','1995-04-30', '2000-07-18' , 0641785236, 'grand.appoline@gmail.com', 7, 9);
INSERT INTO client VALUES (114587966322, 'Choix', 'Alexia','Femme','1980-03-03', '2001-05-05' , 0678965412, 'choix.alexia@gmail.com', 7, 9);
INSERT INTO client VALUES (445877899663, 'Thomas', 'Cecile','Femme','1974-01-25', '2002-02-16' , 0605640623, 'cecile.thomas@gmail.com', 7, 9);
INSERT INTO client VALUES (416155666687, 'Esteban', 'Clara','Femme','1985-10-17', '2003-05-12' , 0685857474, 'esteban.clara@gmail.com', 7, 9);
INSERT INTO client VALUES (000011222366, 'Montaigne', 'Clovis','Homme','1974-05-18', '2001-10-04' , 0612458963, 'clovis.montaigne@gmail.com', 7, 9);
INSERT INTO client VALUES (222558899999, 'Jalouse', 'Jessica','Femme','2004-05-05', '2010-11-13' , 0612479620, 'jessica5223@gmail.com', 7, 9);
INSERT INTO client VALUES (014587996311, 'Gomez', 'Sylvain','Homme','1998-04-23', '2009-12-05' , 0700004123, 'gomez8489@gmail.com', 7, 9);
INSERT INTO client VALUES (201458796635, 'Ndole', 'Sebastien','Homme','1990-07-13', '2005-11-10' , 0756565656, 'ndole.sebastien@gmail.com', 7, 9);
INSERT INTO client VALUES (112548889663, 'Combat', 'Amaury','Homme','1992-01-08', '2001-05-06' , 0600023547, 'amaury_y@gmail.com', 7, 9);
INSERT INTO client VALUES (777777777777, 'Pittaya', 'Louisa','Femme','1995-10-13', '2003-04-04' , 0658457855, 'louisa.pi@gmail.com', 7, 9);
INSERT INTO client VALUES (555555555555, 'Vicieux', 'Jean','Homme','1980-02-18', '2002-08-12' , 0663452563, 'vic.jean@gmail.com', 7, 9);
INSERT INTO client VALUES (444444444445, 'Albert', 'Leo','Homme','2001-02-05', '2001-10-10' , 0678968777, 'leo.albt@gmail.com', 7, 9);
INSERT INTO client VALUES (445555555555, 'Perruche', 'Marine','Femme','1982-01-01', '2015-01-12' , 0623534522, 'perruche.marine@gmail.com', 7, 9);
INSERT INTO client VALUES (666699999999, 'Sanmartin', 'Laura','Femme','1995-10-13', '2012-04-25' , 0741417896, 'laura.sanm@gmail.com', 7, 9);
INSERT INTO client VALUES (989898989898, 'Trudeau', 'Pascal','Homme','1968-03-15', '2004-02-22' , 0621047853, 'pascal.trudeau@gmail.com', 7, 9);
INSERT INTO client VALUES (224785669931, 'Gonzalez', 'Patricia','Femme','1985-06-06', '2003-05-19' , 0745126314, 'pat.gonzalez@gmail.com', 7, 9);
INSERT INTO client VALUES (555555547189, 'Munoz', 'Esteban','Homme','1997-07-08', '2011-09-17' , 0785968596, 'esteban.munoz@gmail.com', 7, 9);
INSERT INTO client VALUES (200000000002, 'Altaz', 'Sabine','Femme','1979-02-06', '2013-05-16' , 0700232369, 'sabine.altaz@gmail.com', 7, 9);
INSERT INTO client VALUES (100000444400, 'Carmel', 'Sophie','Femme','1987-01-07', '2012-07-20' , 0741415263, 'sophie.carmel@gmail.com', 7, 9);
INSERT INTO client VALUES(60555723,'Lepage','Ghislain',  'Homme', '1987-01-07',  '2006-09-20', 0630126060, 'ghislain218@gmail.com', 7, 9     );
INSERT INTO client VALUES(61496547,'Hardy','Edwige',  'Femme', '1987-01-07', '2006-11-24', 0654789632, 'edwige.hardy@gmail.com', 7, 9     );
INSERT INTO client VALUES(62998010,'Munoz', 'Sonia', 'Femme',  '1987-01-07',  '2006-03-22',  0645126345, 'sonia.munoz@gmail.com', 7, 9    );
INSERT INTO client VALUES(64445490,'Cartier','Morgane', 'Femme','1987-01-07','2006-05-24',  0652364896, 'cartier.morgane@gmail.com', 7, 9    );
INSERT INTO client VALUES(65440089,'Ollivier','Marceau', 'Homme',  '1987-01-07',  '2006-05-28',  0645236963, 'marceau.ollivier@gmail.com', 7, 9    );
INSERT INTO client VALUES(66080147,'Delannoy','Raymonde', 'Femme',   '1987-01-07',   '2005-01-28', 0621213211, 'delannoy700@gmail.com', 7, 9   );
INSERT INTO client VALUES(72165244,'Bonhomme','Noel', 'Homme',  '1987-01-07',   '2006-12-28', 0669632147 , 'noel-b@gmail.com', 7, 9   );
INSERT INTO client VALUES(73317454,'Grandjean', 'Marina', 'Femme',  '1987-01-07', '2006-03-22',  0745899458, 'marina.g@gmail.com', 7, 9    );
INSERT INTO client VALUES(74288538,'Chauvet','Yvonne', 'Femme', '1987-01-07','2005-07-05',  0756892103, 'yvonne@gmail.com', 7, 9  );
INSERT INTO client VALUES(77026788,'Buisson','Paule', 'Femme', '1987-01-07', '2005-09-07',  0658957458, 'buisson.paule@gmail.com', 7, 9   );
INSERT INTO client VALUES(77271695,'Grandjean','Simone','Femme',  '1987-01-07',  '2005-06-21',   0756568914, 'simone.g@gmail.com', 7, 9  );
INSERT INTO client VALUES(78162009,'Girard', 'Simone', 'Femme', '1987-01-07','2006-01-30',  0756589956, 'simone.588@gmail.com', 7, 9    );

INSERT INTO agence VALUES (1684, 2);
INSERT INTO agence VALUES (3005, 5);
INSERT INTO agence VALUES (4500, 6);
INSERT INTO agence VALUES (5002, 3);
INSERT INTO agence VALUES (7000, 179);
INSERT INTO agence VALUES (7001, 178);
INSERT INTO agence VALUES (7002, 177);
INSERT INTO agence VALUES (7003, 176);
INSERT INTO agence VALUES (7004, 175);
INSERT INTO agence VALUES (7005, 174);
INSERT INTO agence VALUES (7006, 173);
INSERT INTO agence VALUES (7007, 172);
INSERT INTO agence VALUES (7008, 171);
INSERT INTO agence VALUES (7009, 170);
INSERT INTO agence VALUES (7010, 169);
INSERT INTO agence VALUES (7011, 168);
INSERT INTO agence VALUES (7012, 167);
INSERT INTO agence VALUES (7013, 166);
INSERT INTO agence VALUES (7014, 165);
INSERT INTO agence VALUES (7015, 164);
INSERT INTO agence VALUES (7016, 163);
INSERT INTO agence VALUES (7017, 162);
INSERT INTO agence VALUES (7018, 161);
INSERT INTO agence VALUES (7019, 160);
INSERT INTO agence VALUES (7020, 159);
INSERT INTO agence VALUES (7021, 158);
INSERT INTO agence VALUES (7022, 157);
INSERT INTO agence VALUES (7023, 156);
INSERT INTO agence VALUES (7024, 155);
INSERT INTO agence VALUES (7025, 154);
INSERT INTO agence VALUES (7026, 153);
INSERT INTO agence VALUES (7027, 152);
INSERT INTO agence VALUES (7028, 151);
INSERT INTO agence VALUES (7029, 150);
INSERT INTO agence VALUES (7030, 149);
INSERT INTO agence VALUES (7031, 148);
INSERT INTO agence VALUES (7032, 147);
INSERT INTO agence VALUES (7033, 146);
INSERT INTO agence VALUES (7034, 145);
INSERT INTO agence VALUES (7035, 144);
INSERT INTO agence VALUES (7036, 143);
INSERT INTO agence VALUES (7037, 142);
INSERT INTO agence VALUES (7038, 141);
INSERT INTO agence VALUES (7039, 140);
INSERT INTO agence VALUES (7040, 139);
INSERT INTO agence VALUES (7041, 138);

INSERT INTO distributeur VALUES (59844522658,55);
INSERT INTO distributeur VALUES (46546545578,11);
INSERT INTO distributeur VALUES (299781005971,2);
INSERT INTO distributeur VALUES (15565659953,138);
INSERT INTO distributeur VALUES (56156559895,139);
INSERT INTO distributeur VALUES (98894844556,140);
INSERT INTO distributeur VALUES (10255464886,141);
INSERT INTO distributeur VALUES (78555655589,142);
INSERT INTO distributeur VALUES (00321315654,143);
INSERT INTO distributeur VALUES (79884654551,144);
INSERT INTO distributeur VALUES (36595484452,145);
INSERT INTO distributeur VALUES (22654484551,146);
INSERT INTO distributeur VALUES (02323154848,147);
INSERT INTO distributeur VALUES (20165464999,148);
INSERT INTO distributeur VALUES (46465469885,149);
INSERT INTO distributeur VALUES (10003532548,150);
INSERT INTO distributeur VALUES (44848484996,151);
INSERT INTO distributeur VALUES (77778898885,152);
INSERT INTO distributeur VALUES (54565466666,153);
INSERT INTO distributeur VALUES (22223336545,154);
INSERT INTO distributeur VALUES (48488888899,155);
INSERT INTO distributeur VALUES (13151555666,156);
INSERT INTO distributeur VALUES (46484888855,157);
INSERT INTO distributeur VALUES (45545484454,158);
INSERT INTO distributeur VALUES (23656565848,159);
INSERT INTO distributeur VALUES (45465888775,160);
INSERT INTO distributeur VALUES (56558788000,161);
INSERT INTO distributeur VALUES (77777585558,162);
INSERT INTO distributeur VALUES (66666644488,163);
INSERT INTO distributeur VALUES (47895232258,164);
INSERT INTO distributeur VALUES (30022666666,165);
INSERT INTO distributeur VALUES (14785999999,166);
INSERT INTO distributeur VALUES (33333355555,167);
INSERT INTO distributeur VALUES (23145899658,168);
INSERT INTO distributeur VALUES (44545445555,169);
INSERT INTO distributeur VALUES (66666663333,170);
INSERT INTO distributeur VALUES (33777700225,171);

INSERT INTO type_compte VALUES ('epargne');
INSERT INTO type_compte VALUES ('courant');
INSERT INTO type_compte VALUES ('compte-titre');
--INSERT INTO type_compte VALUES ('a termes');

INSERT INTO compte VALUES (972,  500, 'FR7630001007941234567890185','epargne', 1684);
INSERT INTO compte VALUES (5023,  0, 'FR1420041010050500013M02606','courant', 3005);
INSERT INTO compte VALUES (6984,  150, 'FR7614410000011234567890163','courant', 4500);
INSERT INTO compte VALUES (301,  10000, 'FR8642559000011234567890121','compte-titre', 5002);
INSERT INTO compte VALUES (499,  0, 'FR3547899002166654697524896','compte-titre', 5002);
INSERT INTO compte VALUES (6869,  0, 'FR5584123660023894478516973','epargne', 5002);
INSERT INTO compte VALUES (20003,  0, 'FR7630007000111234567890144','compte-titre', 4500);
INSERT INTO compte VALUES (20004,  0, 'FR5465465888885699778995555','compte-titre', 4500);
INSERT INTO compte VALUES (20005,  0, 'FR4612121210000256555559888','compte-titre', 4500);
INSERT INTO compte VALUES (20006,  0, 'FR4646545654464465465113333','courant', 4500);
INSERT INTO compte VALUES (15156,  0, 'FR7777788889955555666666666','compte-titre', 4500);
INSERT INTO compte VALUES (65556,  0, 'FR0000111544484484899555555','courant', 4500);
INSERT INTO compte VALUES (465,  0, 'FR0125547769996523366587596','courant', 4500);
INSERT INTO compte VALUES (56156,  0, 'FR5400000236998877855552265','courant', 4500);
INSERT INTO compte VALUES (20010,  0, 'FR1165156846545488484948456','compte-titre', 4500);
INSERT INTO compte VALUES (20011,  0, 'FR9879878985655131312356565','epargne', 4500);
INSERT INTO compte VALUES (8798,  0, 'FR7844545151513132135132156','epargne', 4500);
INSERT INTO compte VALUES (236,  0, 'FR5555555555322565654646488','courant', 4500);
INSERT INTO compte VALUES (132,  0, 'FR213005151656454849498848','courant', 4500);
INSERT INTO compte VALUES (465,  0, 'FR78788888888865552226666','epargne', 4500);
INSERT INTO compte VALUES (20012,  0, 'FR44444444787888955566231','epargne', 4500);
INSERT INTO compte VALUES (2487,  0, 'FR559788445455555522222222','epargne', 4500);
INSERT INTO compte VALUES (20013,  0, 'FR115151515115151511515151','compte-titre', 4500);
INSERT INTO compte VALUES (20014,  0, 'FR536987422566366998455663','compte-titre', 4500);
INSERT INTO compte VALUES (20015,  0, 'FR495882552256666666666666','courant', 4500);
INSERT INTO compte VALUES (20016,  0, 'FR001447778899633333366666','courant', 4500);
INSERT INTO compte VALUES (20017,  0, 'FR161616515156565655656666','epargne', 4500);
INSERT INTO compte VALUES (20018,  0, 'FR564644646556565655599999','courant', 4500);
INSERT INTO compte VALUES (20019,  0, 'FR564416516556656666666666','courant', 4500);
INSERT INTO compte VALUES (20020,  0, 'FR769855858000025656565666','epargne', 4500);
INSERT INTO compte VALUES (20021,  0, 'FR926551651565515115555555','compte-titre', 4500);
INSERT INTO compte VALUES (20022,  0, 'FR864125369788999655222222','epargne', 4500);
INSERT INTO compte VALUES (20023,  0, 'FR000000022458996977458996','courant', 4500);
INSERT INTO compte VALUES (20024,  0, 'FR212365870055888559966998','epargne', 4500);
INSERT INTO compte VALUES (20025,  0, 'FR145559966658878747444848','courant', 4500);
INSERT INTO compte VALUES (20026,  0, 'FR379899885558998555858599','courant', 4500);
INSERT INTO compte VALUES (20027,  0, 'FR425558887784984848484848','courant', 4500);
INSERT INTO compte VALUES (20028,  0, 'FR554798446551121231516560','epargne', 4500);
INSERT INTO compte VALUES (20029,  0, 'FR615151651515151150000000','epargne', 4500);
INSERT INTO compte VALUES (5656,  0, 'FR451511515000212150001515','courant', 4500);
INSERT INTO compte VALUES (3212,  0, 'FR971515151550062526265554','courant', 4500);
INSERT INTO compte VALUES (20030,  0, 'FR95511515165164446515615','compte-titre', 4500);
INSERT INTO compte VALUES (20031,  0, 'FR776561516515165156113232','courant', 4500);
INSERT INTO compte VALUES (20032,  0, 'FR110022656484848844848484','compte-titre', 4500);
INSERT INTO compte VALUES (20033,  0, 'FR9911515416516565165651651','courant', 4500);
INSERT INTO compte VALUES (20034,  0, 'FR9614415000156516151515155','courant', 4500);
INSERT INTO compte VALUES (20035,  0, 'FR7755559595959552562525256','epargne', 4500);
INSERT INTO compte VALUES (20036,  0, 'FR7825625265665156151151515','epargne', 4500);
INSERT INTO compte VALUES (20037,  0, 'FR8000026566564477795555566','courant', 4500);
INSERT INTO compte VALUES (20038,  0, 'FR9000056515165151151551556','compte-titre', 4500);
INSERT INTO compte VALUES (20039,  0, 'FR5115151465454654646466465','courant', 4500);
INSERT INTO compte VALUES (20040,  0, 'FR7261651561516151655615156','courant', 4500);
INSERT INTO compte VALUES (20041,  0, 'FR3265156165513232325165655','courant', 4500);
INSERT INTO compte VALUES (20042,  0, 'FR2222255655595955959559981','courant', 4500);
INSERT INTO compte VALUES (20043,  0, 'FR1111111154646464645565456','courant', 4500);
INSERT INTO compte VALUES (20044,  0, 'FR3333333354654654654644445','compte-titre', 4500);
INSERT INTO compte VALUES (20045,  0, 'FR5555555556546565115151515','epargne', 4500);
INSERT INTO compte VALUES (20046,  0, 'FR6666666666465464646456555','epargne', 4500);
INSERT INTO compte VALUES (20047,  0, 'FR7777777775466556565561515','compte-titre', 4500);
INSERT INTO compte VALUES (20048,  0, 'FR8888888881515111511551115','courant', 4500);
INSERT INTO compte VALUES (20050,  0, 'FR9999999994646484765023269','courant', 4500);
INSERT INTO compte VALUES (20051,  0, 'FR4444444446555550000000556','courant', 4500);
INSERT INTO compte VALUES (20052,  0, 'FR0000000000546464411161116','courant', 4500);
INSERT INTO compte VALUES (20053,  0, 'FR8989561516600656565656566','courant', 4500);
INSERT INTO compte VALUES (20054,  0, 'FR5555565665656165165161561','courant', 4500);
INSERT INTO compte VALUES (20055,  0, 'FR1131312121212121212121212','compte-titre', 4500);
INSERT INTO compte VALUES (20056,  0, 'FR4141414155625265656165155','epargne', 4500);
INSERT INTO compte VALUES (20057,  0, 'FR6665874448498565656565656','compte-titre', 4500);

INSERT INTO titulaire VALUES (972, 852741963);
INSERT INTO titulaire VALUES (5023, 100589675);
INSERT INTO titulaire VALUES (499, 100589675);
INSERT INTO titulaire VALUES (6869, 100589675);
INSERT INTO titulaire VALUES (20003, 958741236);
INSERT INTO titulaire VALUES (20057, 100589569);
INSERT INTO titulaire VALUES (20056, 145545455466);
INSERT INTO titulaire VALUES (20055, 965894420252);
INSERT INTO titulaire VALUES (20054, 58994556677);
INSERT INTO titulaire VALUES (20053, 55698455236);
INSERT INTO titulaire VALUES (20052, 14588796613);
INSERT INTO titulaire VALUES (20051, 445789123664);
INSERT INTO titulaire VALUES (20050, 145789651230);
INSERT INTO titulaire VALUES (20048, 458755695213);
INSERT INTO titulaire VALUES (20047, 11478956963);
INSERT INTO titulaire VALUES (20046, 98715454488);
INSERT INTO titulaire VALUES (20045, 124785000236);
INSERT INTO titulaire VALUES (20044, 145893201278);
INSERT INTO titulaire VALUES (20043, 154785210369);
INSERT INTO titulaire VALUES (20042, 452563557);
INSERT INTO titulaire VALUES (20041, 458788963447);
INSERT INTO titulaire VALUES (20040, 778964122336);
INSERT INTO titulaire VALUES (20039, 689120000014);
INSERT INTO titulaire VALUES (20038, 600004875964);
INSERT INTO titulaire VALUES (20037, 445879652136);
INSERT INTO titulaire VALUES (20036, 1125487996412);
INSERT INTO titulaire VALUES (20035, 111258740369);
INSERT INTO titulaire VALUES (20034, 112547896521);
INSERT INTO titulaire VALUES (20033, 555879412563);
INSERT INTO titulaire VALUES (20032, 125487589652);
INSERT INTO titulaire VALUES (20031, 999955556663);
INSERT INTO titulaire VALUES (20030, 416148336405);
INSERT INTO titulaire VALUES (3212, 555558887778);
INSERT INTO titulaire VALUES (5656, 60555723);
INSERT INTO titulaire VALUES (20029, 61496547);
INSERT INTO titulaire VALUES (20028, 62998010);
INSERT INTO titulaire VALUES (20027, 64445490);
INSERT INTO titulaire VALUES (20026, 65440089);
INSERT INTO titulaire VALUES (20025, 66080147);
INSERT INTO titulaire VALUES (20024, 72165244);
INSERT INTO titulaire VALUES (20023, 73317454);
INSERT INTO titulaire VALUES (20022, 74288538);
INSERT INTO titulaire VALUES (20021, 77026788);
INSERT INTO titulaire VALUES (20020, 77271695);
INSERT INTO titulaire VALUES (20019, 78162009);
INSERT INTO titulaire VALUES (20018, 100000444400);
INSERT INTO titulaire VALUES (20017, 200000000002);
INSERT INTO titulaire VALUES (20016, 555555547189);
INSERT INTO titulaire VALUES (20015, 224785669931);
INSERT INTO titulaire VALUES (20014, 989898989898);
INSERT INTO titulaire VALUES (20013, 666699999999);
INSERT INTO titulaire VALUES (2487, 445555555555);
INSERT INTO titulaire VALUES (20012, 444444444445);
INSERT INTO titulaire VALUES (465, 555555555555);
INSERT INTO titulaire VALUES (132, 777777777777);
INSERT INTO titulaire VALUES (236, 112548889663);
INSERT INTO titulaire VALUES (8798, 777777777777);
INSERT INTO titulaire VALUES (20011, 201458796635);
INSERT INTO titulaire VALUES (20010, 014587996311);
INSERT INTO titulaire VALUES (56156, 222558899999);
INSERT INTO titulaire VALUES (465, 000011222366);
INSERT INTO titulaire VALUES (65556, 416155666687);
INSERT INTO titulaire VALUES (15156, 445877899663);
INSERT INTO titulaire VALUES (20006, 114587966322);
INSERT INTO titulaire VALUES (20005, 000145789663);
INSERT INTO titulaire VALUES (20004, 555100000236);

INSERT INTO carte_bancaire VALUES (4624748233249080, '2025-03-16',972);
INSERT INTO carte_bancaire VALUES (5000551000000400, '2024-05-05',5023);
INSERT INTO carte_bancaire VALUES (4917480000000070, '2023-09-16',6984);
INSERT INTO carte_bancaire VALUES (4150560000000010, '2027-06-04',301);
INSERT INTO carte_bancaire VALUES (1548962000071236, '2028-04-04',20003);
INSERT INTO carte_bancaire VALUES (5165165165156155, '2028-04-04',20004);
INSERT INTO carte_bancaire VALUES (3116165164848465, '2028-04-04',20005);
INSERT INTO carte_bancaire VALUES (2222151544646555, '2028-04-04',20006);
INSERT INTO carte_bancaire VALUES (4545100065550055, '2028-04-04',15156);
INSERT INTO carte_bancaire VALUES (8998984456516515, '2028-04-04',65556);
INSERT INTO carte_bancaire VALUES (4656515151565866, '2028-04-04',465);
INSERT INTO carte_bancaire VALUES (0311551656165651, '2028-04-04',20012);
INSERT INTO carte_bancaire VALUES (7889798855665556, '2028-04-04',2487);
INSERT INTO carte_bancaire VALUES (3543545454546456, '2028-04-04',20013);
INSERT INTO carte_bancaire VALUES (1141641615516516, '2028-04-04',20014);
INSERT INTO carte_bancaire VALUES (3555414510011655, '2028-04-04',20015);
INSERT INTO carte_bancaire VALUES (4474874849844516, '2028-04-04',20016);
INSERT INTO carte_bancaire VALUES (5555548887777466, '2028-04-04',20017);
INSERT INTO carte_bancaire VALUES (8885156151561516, '2028-04-04',20018);
INSERT INTO carte_bancaire VALUES (3699994481414115, '2028-04-04',20019);
INSERT INTO carte_bancaire VALUES (1351531515616165, '2028-04-04',20020);
INSERT INTO carte_bancaire VALUES (5464656545111232, '2028-04-04',20021);
INSERT INTO carte_bancaire VALUES (7483032031531516, '2028-04-04',20022);
INSERT INTO carte_bancaire VALUES (6666654565151515, '2028-04-04',20023);
INSERT INTO carte_bancaire VALUES (6486484165165165, '2028-04-04',20024);
INSERT INTO carte_bancaire VALUES (3233021541454474, '2028-04-04',20025);
INSERT INTO carte_bancaire VALUES (1531516516165151, '2028-04-04',20026);
INSERT INTO carte_bancaire VALUES (4646465651561651, '2028-04-04',20027);
INSERT INTO carte_bancaire VALUES (3131651655000155, '2028-04-04',20028);
INSERT INTO carte_bancaire VALUES (8484884646565165, '2028-04-04',20029);
INSERT INTO carte_bancaire VALUES (5456465515135136, '2028-04-04',20030);
INSERT INTO carte_bancaire VALUES (7884844646515310, '2028-04-04',20031);
INSERT INTO carte_bancaire VALUES (2525655611651561, '2028-04-04',20032);
INSERT INTO carte_bancaire VALUES (8798789484646546, '2028-04-04',20033);
INSERT INTO carte_bancaire VALUES (5454565131321233, '2028-04-04',20034);
INSERT INTO carte_bancaire VALUES (3333366665464454, '2028-04-04',20035);
INSERT INTO carte_bancaire VALUES (7777788844646556, '2028-04-04',20036);
INSERT INTO carte_bancaire VALUES (5465451512222222, '2028-04-04',20037);
INSERT INTO carte_bancaire VALUES (0000032313251566, '2028-04-04',20038);
INSERT INTO carte_bancaire VALUES (1111351565464466, '2028-04-04',20039);
INSERT INTO carte_bancaire VALUES (7798646451511323, '2028-04-04',20040);
INSERT INTO carte_bancaire VALUES (1313151565665564, '2028-04-04',20041);
INSERT INTO carte_bancaire VALUES (6465464848465565, '2028-04-04',20042);
INSERT INTO carte_bancaire VALUES (3322116447878799, '2028-04-04',20043);
INSERT INTO carte_bancaire VALUES (9999666666888777, '2028-04-04',20044);
INSERT INTO carte_bancaire VALUES (1444555555454848, '2028-04-04',20045);
INSERT INTO carte_bancaire VALUES (6657977984888885, '2028-04-04',20046);
INSERT INTO carte_bancaire VALUES (0003333131554464, '2028-04-04',20047);
INSERT INTO carte_bancaire VALUES (2222233556455555, '2028-04-04',20048);
INSERT INTO carte_bancaire VALUES (4646446456512000, '2028-04-04',20050);
INSERT INTO carte_bancaire VALUES (7848446163222222, '2028-04-04',20051);
INSERT INTO carte_bancaire VALUES (4645112313156555, '2028-04-04',20052);
INSERT INTO carte_bancaire VALUES (0077778899565655, '2028-04-04',20053);
INSERT INTO carte_bancaire VALUES (7453232154994645, '2028-04-04',20054);
INSERT INTO carte_bancaire VALUES (6545646484654652, '2028-04-04',20055);
INSERT INTO carte_bancaire VALUES (0232317889312156, '2028-04-04',20056);
INSERT INTO carte_bancaire VALUES (0331568978948456, '2028-04-04',20057);

INSERT INTO type_operation VALUES ('Tiers');
INSERT INTO type_operation VALUES ('Depot/retrait');


INSERT INTO operation_tiers VALUES (6468465341, 3000, '2022-08-08 10:05:00',972,4917480000000070, 'FR7614410000011234567890163', 'MMCPFRBP', 'Tiers');
INSERT INTO operation_tiers VALUES (3514971489, 3000, '2022-08-08 08:59:00',972,4150560000000010, 'FR8642559000011234567890121', 'TXLUFRPW', 'Tiers' );
INSERT INTO operation_tiers VALUES (8849417893, 7200, '2022-08-08 07:42:56', 972, 5000551000000400, 'FR1420041010050500013M026061', 'CMCIFRPP', 'Tiers');
INSERT INTO operation_tiers VALUES (5644684855, 7200, '2022-02-08 07:42:56', 20057, 0331568978948456, 'FR6665874448498565656565656', 'JGJFDJFK', 'Tiers');
INSERT INTO operation_tiers VALUES (6546465555, 7200, '2022-11-08 07:42:56', 20056, 0232317889312156, 'FR4141414155625265656165155', 'CKJFNJFD', 'Tiers');
INSERT INTO operation_tiers VALUES (5454545456, 7200, '2022-10-08 07:42:56', 20055, 6545646484654652, 'FR1131312121212121212121212', 'DFFHDJDH', 'Tiers');
INSERT INTO operation_tiers VALUES (9898446552, 7200, '2022-05-08 07:42:56', 20054, 7453232154994645, 'FR5555565665656165165161561', 'DFJKDFJD', 'Tiers');
INSERT INTO operation_tiers VALUES (1771887846, 7200, '2022-02-08 07:42:56', 20053, 0077778899565655, 'FR8989561516600656565656566', 'FGJKJDFJ', 'Tiers');
INSERT INTO operation_tiers VALUES (4646468486, 7200, '2022-01-08 07:42:56', 20052, 4645112313156555, 'FR0000000000546464411161116', 'ODFJFDJF', 'Tiers');
INSERT INTO operation_tiers VALUES (3151546466, 7200, '2022-09-08 07:42:56', 20051, 7848446163222222, 'FR4444444446555550000000556', 'QJWKWQJH', 'Tiers');
INSERT INTO operation_tiers VALUES (6546545151, 7200, '2022-06-08 07:42:56', 20050, 4646446456512000, 'FR9999999994646484765023269', 'PLFDFDKD', 'Tiers');
INSERT INTO operation_tiers VALUES (5665451511, 7200, '2022-11-08 07:42:56', 20048, 2222233556455555, 'FR8888888881515111511551115', 'JDJFJKDK', 'Tiers');
INSERT INTO operation_tiers VALUES (8897846552, 7200, '2022-03-08 07:42:56', 20047, 0003333131554464, 'FR7777777775466556565561515', 'DKJFHJFK', 'Tiers');
INSERT INTO operation_tiers VALUES (4646464665, 7200, '2022-04-08 07:42:56', 20046, 6657977984888885, 'FR6666666666465464646456555', 'JFJFJFLL', 'Tiers');
INSERT INTO operation_tiers VALUES (8798784513, 7200, '2022-07-08 07:42:56', 20045, 1444555555454848, 'FR5555555556546565115151515', 'MNVJDJNK', 'Tiers');
INSERT INTO operation_tiers VALUES (4645445555, 7200, '2022-08-24 07:42:56', 20044, 9999666666888777, 'FR3333333354654654654644445', 'DHFJHKJD', 'Tiers');
INSERT INTO operation_tiers VALUES (5645645151, 7200, '2022-01-08 07:42:56', 20043, 3322116447878799, 'FR1111111154646464645565456', 'CADJFJSS', 'Tiers');
INSERT INTO operation_tiers VALUES (5464656551, 7200, '2022-05-08 07:42:56', 20042, 6465464848465565, 'FR2222255655595955959559981', 'KDHFJFKK', 'Tiers');
INSERT INTO operation_tiers VALUES (4645454569, 7200, '2022-10-08 07:42:56', 20041, 1313151565665564, 'FR3265156165513232325165655', 'URHUHRIU', 'Tiers');
INSERT INTO operation_tiers VALUES (2253515556, 7200, '2022-05-08 07:42:56', 20040, 7798646451511323, 'FR7261651561516151655615156', 'KDFDJKFD', 'Tiers');
INSERT INTO operation_tiers VALUES (2113153156, 7200, '2022-03-08 07:42:56', 20039, 1111351565464466, 'FR5115151465454654646466465', 'KDFKJJKK', 'Tiers');
INSERT INTO operation_tiers VALUES (1312154546, 7200, '2022-02-08 07:42:56', 20038, 0000032313251566, 'FR9000056515165151151551556', 'DFJDFJSK', 'Tiers');
INSERT INTO operation_tiers VALUES (8798744551, 7200, '2022-05-08 07:42:56', 20037, 6657977984888885, 'FR6666666666465464646456555', 'JFJFJFLL', 'Tiers');
INSERT INTO operation_tiers VALUES (9595651555, 7200, '2022-07-08 07:42:56', 20036, 1444555555454848, 'FR5555555556546565115151515', 'MNVJDJNK', 'Tiers');
INSERT INTO operation_tiers VALUES (8798451151, 7200, '2022-06-08 07:42:56', 20035, 9999666666888777, 'FR3333333354654654654644445', 'DHFJHKJD', 'Tiers');
INSERT INTO operation_tiers VALUES (5665656565, 7200, '2022-01-08 07:42:56', 20034, 3322116447878799, 'FR1111111154646464645565456', 'CADJFJSS', 'Tiers');
INSERT INTO operation_tiers VALUES (8798784655, 7200, '2022-10-08 07:42:56', 20033, 6465464848465565, 'FR2222255655595955959559981', 'KDHFJFKK', 'Tiers');
INSERT INTO operation_tiers VALUES (0231315646, 7200, '2022-09-08 07:42:56', 20032, 1313151565665564, 'FR3265156165513232325165655', 'URHUHRIU', 'Tiers');
INSERT INTO operation_tiers VALUES (0323235654, 7200, '2022-06-08 07:42:56', 20031, 7798646451511323, 'FR7261651561516151655615156', 'KDFDJKFD', 'Tiers');
INSERT INTO operation_tiers VALUES (0151355646, 7200, '2022-03-08 07:42:56', 20030, 1111351565464466, 'FR5115151465454654646466465', 'KDFKJJKK', 'Tiers');
INSERT INTO operation_tiers VALUES (0351321556, 7200, '2022-02-08 07:42:56', 3212, 0000032313251566, 'FR9000056515165151151551556', 'DFJDFJSK', 'Tiers');
INSERT INTO operation_tiers VALUES (9798789740, 7200, '2022-07-08 07:42:56', 5656, 5465451512222222, 'FR8000026566564477795555566', 'EZREHRHJ', 'Tiers');
INSERT INTO operation_tiers VALUES (1313556546, 7200, '2022-05-08 07:42:56', 20029, 7777788844646556, 'FR7825625265665156151151515', 'FKDKJDFK', 'Tiers');
INSERT INTO operation_tiers VALUES (7845655555, 7200, '2022-01-08 07:42:56', 20028, 3333366665464454, 'FR7755559595959552562525256', 'DFKDJFKD', 'Tiers');
INSERT INTO operation_tiers VALUES (6654651133, 7200, '2022-06-08 07:42:56', 20027, 5454565131321233, 'FR9614415000156516151515155', 'FKJNDJFK', 'Tiers');
INSERT INTO operation_tiers VALUES (0546488974, 7200, '2022-03-08 07:42:56', 20026, 8798789484646546, 'FR9911515416516565165651651', 'FKJNNFNF', 'Tiers');
INSERT INTO operation_tiers VALUES (0125646465, 7200, '2022-02-08 07:42:56', 20025, 2525655611651561, 'FR110022656484848844848484', 'FGKLGKLF', 'Tiers');
INSERT INTO operation_tiers VALUES (7778894561, 7200, '2022-09-08 07:42:56', 20024, 7884844646515310, 'FR776561516515165156113232', 'QJEIQJWE', 'Tiers');
INSERT INTO operation_tiers VALUES (3123144468, 7200, '2022-04-08 07:42:56', 20023, 5456465515135136, 'FR95511515165164446515615', 'LNGJBNJN', 'Tiers');
INSERT INTO operation_tiers VALUES (3212121456, 7200, '2022-06-08 07:42:56', 20022, 8484884646565165, 'FR615151651515151150000000', 'HJHJHUIO', 'Tiers');
INSERT INTO operation_tiers VALUES (5232315315, 7200, '2022-04-08 07:42:56', 20021, 3131651655000155, 'FR554798446551121231516560', 'HBJHBHHJ', 'Tiers');
INSERT INTO operation_tiers VALUES (4646546445, 7200, '2022-03-08 07:42:56', 20020, 4646465651561651, 'FR425558887784984848484848', 'WEWHEHJJ', 'Tiers');
INSERT INTO operation_tiers VALUES (0222133556, 7200, '2022-08-08 07:42:56', 20019, 1531516516165151, 'FR379899885558998555858599', 'FGHGHKDF', 'Tiers');
INSERT INTO operation_tiers VALUES (8889898484, 7200, '2022-09-08 07:42:56', 20018, 3233021541454474, 'FR145559966658878747444848', 'FKGHFGJJ', 'Tiers');
INSERT INTO operation_tiers VALUES (5555464565, 7200, '2022-04-08 07:42:56', 20017, 6486484165165165, 'FR212365870055888559966998', 'IQOJWIWJ', 'Tiers');
INSERT INTO operation_tiers VALUES (7987894845, 7200, '2022-12-08 07:42:56', 20016, 6666654565151515, 'FR000000022458996977458996', 'EHFHFDJF', 'Tiers');
INSERT INTO operation_tiers VALUES (0231313556, 7200, '2022-10-08 07:42:56', 20015, 7483032031531516, 'FR864125369788999655222222', 'FDKFJKDJ', 'Tiers');
INSERT INTO operation_tiers VALUES (1488979875, 7200, '2022-11-08 07:42:56', 20014, 5464656545111232, 'FR926551651565515115555555', 'DFDFJDFJ', 'Tiers');
INSERT INTO operation_tiers VALUES (9878465513, 7200, '2022-06-08 07:42:56', 20013, 1351531515616165, 'FR769855858000025656565666', 'NBVVBHVJ', 'Tiers');
INSERT INTO operation_tiers VALUES (0223213231, 7200, '2022-02-08 07:42:56', 2487, 3699994481414115, 'FR564416516556656666666666', 'YJAJDJAD', 'Tiers');
INSERT INTO operation_tiers VALUES (1115454646, 7200, '2022-05-08 07:42:56', 20012, 8885156151561516, 'FR564644646556565655599999', 'FKGJKDKD', 'Tiers');
INSERT INTO operation_tiers VALUES (7778798453, 7200, '2022-03-08 07:42:56', 465, 5555548887777466, 'FR161616515156565655656666', 'PEJREJDF', 'Tiers');
INSERT INTO operation_tiers VALUES (3535354545, 7200, '2022-01-08 07:42:56', 132, 4474874849844516, 'FR001447778899633333366666', 'QJWKJNDJ', 'Tiers');
INSERT INTO operation_tiers VALUES (4688464555, 7200, '2022-11-08 07:42:56', 236, 3555414510011655, 'FR495882552256666666666666', 'YABSJDHD', 'Tiers');
INSERT INTO operation_tiers VALUES (0313212355, 7200, '2022-08-08 07:42:56', 8798, 1141641615516516, 'FR536987422566366998455663', 'KHFGHOFD', 'Tiers');
INSERT INTO operation_tiers VALUES (1144455222, 7200, '2022-05-08 07:42:56', 20011, 3543545454546456, 'FR115151515115151511515151', 'MMNBNJBF', 'Tiers');
INSERT INTO operation_tiers VALUES (5588899966, 7200, '2022-02-08 07:42:56', 20010, 7889798855665556, 'FR559788445455555522222222', 'OUFDHDHF', 'Tiers');


INSERT INTO retrait_depot VALUES (9856234785, 56000, '2022-08-10 23:48:54', 5023, 29978100597);
INSERT INTO retrait_depot VALUES (4587796120, 50000, '2022-08-11 00:59:23', 499, 59844522658);
INSERT INTO retrait_depot VALUES (5879120365, 22542.26, '2022-08-11 01:22:01', 6869, 46546545578);
INSERT INTO retrait_depot VALUES (5454654562, 22542.26, '2022-08-11 01:22:01', 20004, 15565659953);
INSERT INTO retrait_depot VALUES (1164645565, 22542.26, '2022-08-11 01:22:01', 20005, 56156559895);
INSERT INTO retrait_depot VALUES (0878788889, 22542.26, '2022-08-11 01:22:01', 20006, 98894844556);
INSERT INTO retrait_depot VALUES (0312151556, 22542.26, '2022-08-11 01:22:01', 15156, 15565659953);
INSERT INTO retrait_depot VALUES (9787884455, 22542.26, '2022-08-11 01:22:01', 65556, 10255464886);
INSERT INTO retrait_depot VALUES (0115465454, 22542.26, '2022-08-11 01:22:01', 465, 46546545578);
INSERT INTO retrait_depot VALUES (3212313565, 22542.26, '2022-08-11 01:22:01', 56156, 46546545578);
INSERT INTO retrait_depot VALUES (0131555465, 22542.26, '2022-08-11 01:22:01', 20010, 46546545578);
INSERT INTO retrait_depot VALUES (9987878484, 22542.26, '2022-08-11 01:22:01', 20011, 46546545578);
INSERT INTO retrait_depot VALUES (5478745555, 22542.26, '2022-08-11 01:22:01', 8798, 46546545578);
INSERT INTO retrait_depot VALUES (1144445566, 22542.26, '2022-08-11 01:22:01', 236, 46546545578);
INSERT INTO retrait_depot VALUES (2122121154, 22542.26, '2022-08-11 01:22:01', 132, 46546545578);
INSERT INTO retrait_depot VALUES (1313111123, 22542.26, '2022-08-11 01:22:01', 465, 46546545578);
INSERT INTO retrait_depot VALUES (1312315555, 22542.26, '2022-08-11 01:22:01', 20012, 46546545578);
INSERT INTO retrait_depot VALUES (0003131556, 22542.26, '2022-08-11 01:22:01', 2487, 46546545578);
INSERT INTO retrait_depot VALUES (8798788465, 22542.26, '2022-08-11 01:22:01', 20013, 10255464886);
INSERT INTO retrait_depot VALUES (5464464522, 22542.26, '2022-08-11 01:22:01', 20014, 15565659953);
INSERT INTO retrait_depot VALUES (4464684655, 22542.26, '2022-08-11 01:22:01', 20015, 46546545578);
INSERT INTO retrait_depot VALUES (5454451126, 22542.26, '2022-08-11 01:22:01', 20016, 46546545578);
INSERT INTO retrait_depot VALUES (6546464545, 22542.26, '2022-08-11 01:22:01', 20017, 46546545578);
INSERT INTO retrait_depot VALUES (5545512339, 22542.26, '2022-08-11 01:22:01', 20018, 46546545578);
INSERT INTO retrait_depot VALUES (5456455121, 22542.26, '2022-08-11 01:22:01', 20019, 46546545578);
INSERT INTO retrait_depot VALUES (8898978785, 22542.26, '2022-08-11 01:22:01', 20020, 46546545578);
INSERT INTO retrait_depot VALUES (6546454545, 22542.26, '2022-08-11 01:22:01', 20021, 46546545578);
INSERT INTO retrait_depot VALUES (5465544455, 22542.26, '2022-08-11 01:22:01', 20022, 46546545578);
INSERT INTO retrait_depot VALUES (7987897875, 22542.26, '2022-08-11 01:22:01', 20023, 46546545578);
INSERT INTO retrait_depot VALUES (6546546455, 22542.26, '2022-08-11 01:22:01', 20024, 46546545578);
INSERT INTO retrait_depot VALUES (5464456554, 22542.26, '2022-08-11 01:22:01', 20025, 46546545578);
INSERT INTO retrait_depot VALUES (6545545465, 22542.26, '2022-08-11 01:22:01', 20026, 46546545578);
INSERT INTO retrait_depot VALUES (5454545466, 22542.26, '2022-08-11 01:22:01', 20027, 46546545578);
INSERT INTO retrait_depot VALUES (5456445645, 22542.26, '2022-08-11 01:22:01', 20028, 46546545578);
INSERT INTO retrait_depot VALUES (8798789778, 22542.26, '2022-08-11 01:22:01', 20029, 46546545578);
INSERT INTO retrait_depot VALUES (6854456544, 22542.26, '2022-08-11 01:22:01', 5656, 46546545578);
INSERT INTO retrait_depot VALUES (5565558788, 22542.26, '2022-08-11 01:22:01', 3212, 46546545578);
INSERT INTO retrait_depot VALUES (7798445454, 22542.26, '2022-08-11 01:22:01', 20030, 46546545578);
INSERT INTO retrait_depot VALUES (8781122122, 22542.26, '2022-08-11 01:22:01', 20031, 46546545578);
INSERT INTO retrait_depot VALUES (8787878878, 22542.26, '2022-08-11 01:22:01', 20032, 46546545578);
INSERT INTO retrait_depot VALUES (6545655454, 22542.26, '2022-08-11 01:22:01', 20033, 46546545578);
INSERT INTO retrait_depot VALUES (4545465451, 22542.26, '2022-08-11 01:22:01', 20034, 46546545578);
INSERT INTO retrait_depot VALUES (5465545445, 22542.26, '2022-08-11 01:22:01', 20035, 46546545578);
INSERT INTO retrait_depot VALUES (0005131155, 22542.26, '2022-08-11 01:22:01', 20036, 46546545578);
INSERT INTO retrait_depot VALUES (7778455545, 22542.26, '2022-08-11 01:22:01', 20037, 46546545578);
INSERT INTO retrait_depot VALUES (8798784564, 22542.26, '2022-08-11 01:22:01', 620038, 46546545578);
INSERT INTO retrait_depot VALUES (0132132153, 22542.26, '2022-08-11 01:22:01', 20039, 46546545578);
INSERT INTO retrait_depot VALUES (1545455466, 22542.26, '2022-08-11 01:22:01', 20040, 46546545578);
INSERT INTO retrait_depot VALUES (0013545454, 22542.26, '2022-08-11 01:22:01', 20041, 46546545578);
INSERT INTO retrait_depot VALUES (9898784455, 22542.26, '2022-08-11 01:22:01', 20042, 46546545578);
INSERT INTO retrait_depot VALUES (6564546545, 22542.26, '2022-08-11 01:22:01', 20043, 46546545578);
INSERT INTO retrait_depot VALUES (3213213213, 22542.26, '2022-08-11 01:22:01', 20044, 46546545578);
INSERT INTO retrait_depot VALUES (8778788455, 22542.26, '2022-08-11 01:22:01', 20045, 46546545578);
INSERT INTO retrait_depot VALUES (6456455455, 22542.26, '2022-08-11 01:22:01', 20046, 46546545578);
INSERT INTO retrait_depot VALUES (8464554545, 22542.26, '2022-08-11 01:22:01', 20047, 46546545578);
INSERT INTO retrait_depot VALUES (1322202233, 22542.26, '2022-08-11 01:22:01', 20048, 46546545578);
INSERT INTO retrait_depot VALUES (3222100315, 22542.26, '2022-08-11 01:22:01', 20050, 46546545578);
